[
{
  "id": "52a6271c-ac20-4cb8-978a-c2697385718e",
  "data": [
{
  "text": "Howdy",
  "userDefined": false
},
{
	"text": " ",
	"userDefined": false
}
],
"isTemplate": false,
"count": 0,
"updated": 0
},
{
  "id": "4dd1489e-3d2b-4044-9163-4fd995e67f0a",
  "data": [
{
  "text": "Hi",
  "userDefined": false
},
{
	"text": " ",
	"userDefined": false
}
],
"isTemplate": false,
"count": 0,
"updated": 0
},
{
  "id": "85ce188f-ad7c-4820-876b-7d06b12374e1",
  "data": [
{
  "text": "Hello",
  "userDefined": false
},
{
	"text": " ",
	"userDefined": false
}
],
"isTemplate": false,
"count": 0,
"updated": 0
},
{
  "id": "cb9f3919-921e-422c-8ad3-9a3697779397",
  "data": [
{
  "text": "Hey",
  "userDefined": false
},
{
	"text": " ",
	"userDefined": false
}
],
"isTemplate": false,
"count": 0,
"updated": 0
},
{
  "id": "f4b0e33c-9926-490d-af43-ca24f4199a11",
  "data": [
{
  "text": "Heya",
  "userDefined": false
},
{
	"text": " ",
	"userDefined": false
}
],
"isTemplate": false,
"count": 0,
"updated": 0
},
{
  "id": "08865791-4fee-4d13-8b3d-c987d78764c0",
  "data": [
{
  "text": "hey there",
  "userDefined": false
},
{
	"text": " ",
	"userDefined": false
}
],
"isTemplate": false,
"count": 0,
"updated": 0
},
{
  "id": "bf4d84e0-6af5-4696-83c3-90d64dd53f80",
  "data": [
{
  "text": "good morning",
  "userDefined": false
},
{
	"text": " ",
	"userDefined": false
}
],
"isTemplate": false,
"count": 0,
"updated": 0
},
{
  "id": "05a148d1-18a7-426e-a50c-af62d7a5a2ce",
  "data": [
{
  "text": "good afternoon",
  "userDefined": false
},
{
	"text": " ",
	"userDefined": false
}
],
"isTemplate": false,
"count": 0,
"updated": 0
},
{
  "id": "fe4a484d-fec3-4308-9d75-bd4d03ba0ff6",
  "data": [
{
  "text": "good evening",
  "userDefined": false
},
{
	"text": " ",
	"userDefined": false
}
],
"isTemplate": false,
"count": 0,
"updated": 0
}
 ]
