[
{
  "id": "e6e86640-107c-4e0f-9c73-a301aad37e72",
  "data": [
{
  "text": "Thanks, but no",
  "userDefined": false
},
{
	"text": " ",
	"userDefined": false
}
],
"isTemplate": false,
"count": 0,
"updated": 0
},
{
  "id": "6204be0c-9c02-45e1-bbd4-0ede97307629",
  "data": [
{
  "text": "No",
  "userDefined": false
},
{
	"text": " ",
	"userDefined": false
}
],
"isTemplate": false,
"count": 0,
"updated": 0
},
{
  "id": "391959a4-649b-411b-843a-0b9fd9e17a56",
  "data": [
{
  "text": "nah,I´m good",
  "userDefined": false
},
{
	"text": " ",
	"userDefined": false
}
],
"isTemplate": false,
"count": 0,
"updated": 0
},
{
  "id": "237d885f-c5ea-4cd2-990f-2b45629a62c3",
  "data": [
{
  "text": "not at all",
  "userDefined": false
},
{
	"text": " ",
	"userDefined": false
}
],
"isTemplate": false,
"count": 0,
"updated": 0
},
{
  "id": "1fe6fd88-39a9-42f0-ae53-4ab6b82dc8e5",
  "data": [
{
  "text": "never",
  "userDefined": false
},
{
	"text": " ",
	"userDefined": false
}
],
"isTemplate": false,
"count": 0,
"updated": 0
},
{
  "id": "4764bae0-eff8-4062-9ef5-b01467d43eb8",
  "data": [
{
  "text": "no way",
  "userDefined": false
},
{
	"text": " ",
	"userDefined": false
}
],
"isTemplate": false,
"count": 0,
"updated": 0
}
 ]
