[
{
  "id": "ce335714-e23e-4af1-9a9e-deaa52a666d9",
  "data": [
{
  "text": "I need help with selecting a configuration",
  "userDefined": false
},
{
	"text": " ",
	"userDefined": false
}
],
"isTemplate": false,
"count": 0,
"updated": 0
},
{
  "id": "d186a455-a260-40f7-9205-025ef651e370",
  "data": [
{
  "text": "Yes",
  "userDefined": false
},
{
	"text": " ",
	"userDefined": false
}
],
"isTemplate": false,
"count": 0,
"updated": 0
},
{
  "id": "bcd0a927-f3c7-4cab-bd8a-a829dbbecd94",
  "data": [
{
  "text": "yes I want to select a configuration",
  "userDefined": false
},
{
	"text": " ",
	"userDefined": false
}
],
"isTemplate": false,
"count": 0,
"updated": 0
},
{
  "id": "bfbd1423-9a89-42e8-91ba-ab6e82836781",
  "data": [
{
  "text": "yes I would like to choose a configuration",
  "userDefined": false
},
{
	"text": " ",
	"userDefined": false
}
],
"isTemplate": false,
"count": 0,
"updated": 0
},
{
  "id": "094ae917-17a9-4b9e-91db-a3a015eb20da",
  "data": [
{
  "text": "ys what features do you have",
  "userDefined": false
},
{
	"text": " ",
	"userDefined": false
}
],
"isTemplate": false,
"count": 0,
"updated": 0
},
{
  "id": "7ac74e0a-fc8c-4b05-91c7-452dcf74fc46",
  "data": [
{
  "text": "yes what features are available",
  "userDefined": false
},
{
	"text": " ",
	"userDefined": false
}
],
"isTemplate": false,
"count": 0,
"updated": 0
},
{
  "id": "8c491bdf-5973-451c-a16e-3744e9cd61a0",
  "data": [
{
  "text": "yes I´d love to",
  "userDefined": false
},
{
	"text": " ",
	"userDefined": false
}
],
"isTemplate": false,
"count": 0,
"updated": 0
},
{
  "id": "07ffa5e5-71b9-490f-86f0-a40b6f641fe3",
  "data": [
{
  "text": "why not",
  "userDefined": false
},
{
	"text": " ",
	"userDefined": false
}
],
"isTemplate": false,
"count": 0,
"updated": 0
},
{
  "id": "75ad0992-b3ef-4e93-b1b5-a23abf84e461",
  "data": [
{
  "text": "yes I do",
  "userDefined": false
},
{
	"text": " ",
	"userDefined": false
}
],
"isTemplate": false,
"count": 0,
"updated": 0
}
 ]
