[
{
  "id": "1d7b49cc-3e02-49ca-8364-8bf55ff0245f",
  "data": [
{
  "text": "Can you help me",
  "userDefined": false
},
{
	"text": " ",
	"userDefined": false
}
],
"isTemplate": false,
"count": 0,
"updated": 0
},
{
  "id": "a7ac87ac-951e-43ae-be61-06ded5c8520f",
  "data": [
{
  "text": "I need help",
  "userDefined": false
},
{
	"text": " ",
	"userDefined": false
}
],
"isTemplate": false,
"count": 0,
"updated": 0
},
{
  "id": "7a617b8b-59b5-4d3f-921d-da66471b8afb",
  "data": [
{
  "text": "what can I do",
  "userDefined": false
},
{
	"text": " ",
	"userDefined": false
}
],
"isTemplate": false,
"count": 0,
"updated": 0
},
{
  "id": "7a507c5b-3a08-4cd9-bcce-48c1b803efbd",
  "data": [
{
  "text": "what can you do",
  "userDefined": false
},
{
	"text": " ",
	"userDefined": false
}
],
"isTemplate": false,
"count": 0,
"updated": 0
}
 ]
