[
{
  "id": "11e9782e-414f-4b4b-a5d2-6159143a1cfa",
  "data": [
{
  "text": "I need help with selecting a configuration",
  "userDefined": false
},
{
	"text": " ",
	"userDefined": false
}
],
"isTemplate": false,
"count": 0,
"updated": 0
},
{
  "id": "ff63cc3b-65f6-46bc-9d5d-47615fa56930",
  "data": [
{
  "text": "Yes",
  "userDefined": false
},
{
	"text": " ",
	"userDefined": false
}
],
"isTemplate": false,
"count": 0,
"updated": 0
},
{
  "id": "7a6ed9b0-5301-4c91-b7c0-40e295f6f53c",
  "data": [
{
  "text": "yes I want to select a configuration",
  "userDefined": false
},
{
	"text": " ",
	"userDefined": false
}
],
"isTemplate": false,
"count": 0,
"updated": 0
},
{
  "id": "61eb6bfe-4952-45f8-969d-59ed6c25c376",
  "data": [
{
  "text": "yes I would like to choose a configuration",
  "userDefined": false
},
{
	"text": " ",
	"userDefined": false
}
],
"isTemplate": false,
"count": 0,
"updated": 0
},
{
  "id": "fcc2ae85-4458-45ac-ba01-28fb022ce60b",
  "data": [
{
  "text": "ys what features do you have",
  "userDefined": false
},
{
	"text": " ",
	"userDefined": false
}
],
"isTemplate": false,
"count": 0,
"updated": 0
},
{
  "id": "103932ed-fe31-4d3e-8448-8ad60f18211d",
  "data": [
{
  "text": "yes what features are available",
  "userDefined": false
},
{
	"text": " ",
	"userDefined": false
}
],
"isTemplate": false,
"count": 0,
"updated": 0
},
{
  "id": "6f0c74ce-1474-40fa-baac-08fd98c7a348",
  "data": [
{
  "text": "yes I´d love to",
  "userDefined": false
},
{
	"text": " ",
	"userDefined": false
}
],
"isTemplate": false,
"count": 0,
"updated": 0
},
{
  "id": "1ae5fee5-b953-4784-9c9a-6d6f85867646",
  "data": [
{
  "text": "why not",
  "userDefined": false
},
{
	"text": " ",
	"userDefined": false
}
],
"isTemplate": false,
"count": 0,
"updated": 0
},
{
  "id": "7dda8358-41cb-45d9-8af6-8cd8529990bc",
  "data": [
{
  "text": "yes I do",
  "userDefined": false
},
{
	"text": " ",
	"userDefined": false
}
],
"isTemplate": false,
"count": 0,
"updated": 0
}
 ]
