[
{
  "id": "00bfc54b-5ac9-4561-8a83-017ee4d89ece",
  "data": [
{
  "text": "Thanks, but no",
  "userDefined": false
},
{
	"text": " ",
	"userDefined": false
}
],
"isTemplate": false,
"count": 0,
"updated": 0
},
{
  "id": "e68c18ad-d116-4e09-bb1f-0a475f874336",
  "data": [
{
  "text": "No",
  "userDefined": false
},
{
	"text": " ",
	"userDefined": false
}
],
"isTemplate": false,
"count": 0,
"updated": 0
},
{
  "id": "e2bc1fd0-7e2b-4f85-ba98-3d0069f486d0",
  "data": [
{
  "text": "nah,I´m good",
  "userDefined": false
},
{
	"text": " ",
	"userDefined": false
}
],
"isTemplate": false,
"count": 0,
"updated": 0
},
{
  "id": "690173a4-7658-45b0-8f7a-50512a73e145",
  "data": [
{
  "text": "not at all",
  "userDefined": false
},
{
	"text": " ",
	"userDefined": false
}
],
"isTemplate": false,
"count": 0,
"updated": 0
},
{
  "id": "9984ae1f-fbae-4d0f-8829-4786e5d34912",
  "data": [
{
  "text": "never",
  "userDefined": false
},
{
	"text": " ",
	"userDefined": false
}
],
"isTemplate": false,
"count": 0,
"updated": 0
},
{
  "id": "18b25f43-b758-4746-9ede-a7abdf3a3158",
  "data": [
{
  "text": "no way",
  "userDefined": false
},
{
	"text": " ",
	"userDefined": false
}
],
"isTemplate": false,
"count": 0,
"updated": 0
}
 ]
