[
{
  "id": "4e4b62fa-724c-4112-8ff1-1f5941a2d2fa",
  "data": [
{
  "text": "yes, I want Entertainment",
  "userDefined": false
},
{
	"text": " ",
	"userDefined": false
}
],
"isTemplate": false,
"count": 0,
"updated": 0
},
{
  "id": "af7f7bd0-21cd-4da8-8641-ca816a4a52a4",
  "data": [
{
  "text": "Entertainment",
  "userDefined": false
},
{
	"text": " ",
	"userDefined": false
}
],
"isTemplate": false,
"count": 0,
"updated": 0
},
{
  "id": "c53b2822-db9c-4b47-b876-85a1714cf634",
  "data": [
{
  "text": "yes",
  "userDefined": false
},
{
	"text": " ",
	"userDefined": false
}
],
"isTemplate": false,
"count": 0,
"updated": 0
},
{
  "id": "c8844dd3-6201-425d-83de-dd06eccd6b90",
  "data": [
{
  "text": "yes, what Entertainment is available",
  "userDefined": false
},
{
	"text": " ",
	"userDefined": false
}
],
"isTemplate": false,
"count": 0,
"updated": 0
},
{
  "id": "a27e0bfe-abd6-4db7-b8f0-e97008e21f7d",
  "data": [
{
  "text": "yes I do",
  "userDefined": false
},
{
	"text": " ",
	"userDefined": false
}
],
"isTemplate": false,
"count": 0,
"updated": 0
}
 ]
